<?xml version='1.0' encoding='UTF-8'?>
<?artifactRepository version='1.1.0'?>
<repository name='Bundle pool' type='org.eclipse.equinox.p2.artifact.repository.simpleRepository' version='1'>
  <properties size='2'>
    <property name='p2.system' value='true'/>
    <property name='p2.timestamp' value='1448363703783'/>
  </properties>
  <mappings size='3'>
    <rule filter='(&amp; (classifier=osgi.bundle))' output='${repoUrl}/plugins/${id}_${version}.jar'/>
    <rule filter='(&amp; (classifier=binary))' output='${repoUrl}/binary/${id}_${version}'/>
    <rule filter='(&amp; (classifier=org.eclipse.update.feature))' output='${repoUrl}/features/${id}_${version}.jar'/>
  </mappings>
  <artifacts size='174'>
    <artifact classifier='osgi.bundle' id='org.eclipse.e4.ui.workbench3' version='0.13.0.v20150422-0725'>
      <properties size='1'>
        <property name='download.size' value='9889'/>
      </properties>
    </artifact>
    <artifact classifier='org.eclipse.update.feature' id='org.eclipse.rcp' version='4.5.1.v20150904-0015'>
      <properties size='1'>
        <property name='download.size' value='18256'/>
      </properties>
      <repositoryProperties size='1'>
        <property name='artifact.folder' value='true'/>
      </repositoryProperties>
    </artifact>
    <artifact classifier='osgi.bundle' id='org.apache.felix.gogo.runtime' version='0.10.0.v201209301036'>
      <properties size='1'>
        <property name='download.size' value='79641'/>
      </properties>
    </artifact>
    <artifact classifier='osgi.bundle' id='org.eclipse.ecf.provider.filetransfer.httpclient4' version='1.0.2000.v20150810-1719'>
      <properties size='1'>
        <property name='download.size' value='71844'/>
      </properties>
    </artifact>
    <artifact classifier='osgi.bundle' id='org.eclipse.jface.databinding' version='1.7.0.v20150406-2148'>
      <properties size='1'>
        <property name='download.size' value='281453'/>
      </properties>
    </artifact>
    <artifact classifier='osgi.bundle' id='org.eclipse.equinox.p2.operations' version='2.4.100.v20150423-1455'>
      <properties size='1'>
        <property name='download.size' value='75972'/>
      </properties>
    </artifact>
    <artifact classifier='osgi.bundle' id='org.eclipse.ui.views' version='3.8.0.v20150422-0725'>
      <properties size='1'>
        <property name='download.size' value='100147'/>
      </properties>
    </artifact>
    <artifact classifier='org.eclipse.update.feature' id='org.eclipse.emf.edit' version='2.11.0.v20150601-0402'>
      <properties size='1'>
        <property name='download.size' value='17144'/>
      </properties>
      <repositoryProperties size='1'>
        <property name='artifact.folder' value='true'/>
      </repositoryProperties>
    </artifact>
    <artifact classifier='osgi.bundle' id='org.eclipse.ui.ide' version='3.11.0.v20150825-2158'>
      <properties size='1'>
        <property name='download.size' value='2352960'/>
      </properties>
    </artifact>
    <artifact classifier='osgi.bundle' id='org.eclipse.platform' version='4.5.1.v20150904-0015'>
      <properties size='1'>
        <property name='download.size' value='428815'/>
      </properties>
      <repositoryProperties size='1'>
        <property name='artifact.folder' value='true'/>
      </repositoryProperties>
    </artifact>
    <artifact classifier='osgi.bundle' id='org.eclipse.core.databinding.property' version='1.5.0.v20150422-0725'>
      <properties size='1'>
        <property name='download.size' value='176143'/>
      </properties>
    </artifact>
    <artifact classifier='osgi.bundle' id='org.eclipse.nebula.widgets.tablecombo' version='1.0.0.201511041902'>
      <properties size='1'>
        <property name='download.size' value='36590'/>
      </properties>
    </artifact>
    <artifact classifier='osgi.bundle' id='org.apache.httpcomponents.httpcore' version='4.3.3.v201411290715'>
      <properties size='1'>
        <property name='download.size' value='318024'/>
      </properties>
    </artifact>
    <artifact classifier='osgi.bundle' id='org.eclipse.ecf.provider.filetransfer.httpclient4.ssl' version='1.1.0.v20150810-1719'>
      <properties size='1'>
        <property name='download.size' value='14250'/>
      </properties>
    </artifact>
    <artifact classifier='osgi.bundle' id='org.eclipse.ui.forms' version='3.6.200.v20150506-2029'>
      <properties size='1'>
        <property name='download.size' value='317993'/>
      </properties>
    </artifact>
    <artifact classifier='osgi.bundle' id='org.eclipse.core.databinding' version='1.5.0.v20150422-0725'>
      <properties size='1'>
        <property name='download.size' value='200337'/>
      </properties>
    </artifact>
    <artifact classifier='osgi.bundle' id='org.apache.batik.util.gui' version='1.7.0.v200903091627'>
      <properties size='1'>
        <property name='download.size' value='212351'/>
      </properties>
    </artifact>
    <artifact classifier='osgi.bundle' id='org.eclipse.equinox.p2.metadata' version='2.3.0.v20150511-1532'>
      <properties size='1'>
        <property name='download.size' value='342666'/>
      </properties>
    </artifact>
    <artifact classifier='osgi.bundle' id='org.eclipse.ui.workbench' version='3.107.0.v20150825-2206'>
      <properties size='1'>
        <property name='download.size' value='4021453'/>
      </properties>
    </artifact>
    <artifact classifier='osgi.bundle' id='org.eclipse.e4.ui.services' version='1.2.0.v20150422-0725'>
      <properties size='1'>
        <property name='download.size' value='26519'/>
      </properties>
    </artifact>
    <artifact classifier='osgi.bundle' id='org.sat4j.core' version='2.3.5.v201308161310'>
      <properties size='1'>
        <property name='download.size' value='362968'/>
      </properties>
    </artifact>
    <artifact classifier='osgi.bundle' id='org.eclipse.ecf.identity' version='3.6.0.v20150810-1719'>
      <properties size='1'>
        <property name='download.size' value='62383'/>
      </properties>
    </artifact>
    <artifact classifier='osgi.bundle' id='org.eclipse.ui.net' version='1.2.200.v20120807-0927'>
      <properties size='1'>
        <property name='download.size' value='48832'/>
      </properties>
    </artifact>
    <artifact classifier='osgi.bundle' id='org.eclipse.core.runtime' version='3.11.1.v20150903-1804'>
      <properties size='1'>
        <property name='download.size' value='78923'/>
      </properties>
    </artifact>
    <artifact classifier='osgi.bundle' id='org.apache.commons.jxpath' version='1.3.0.v200911051830'>
      <properties size='1'>
        <property name='download.size' value='315491'/>
      </properties>
    </artifact>
    <artifact classifier='org.eclipse.update.feature' id='org.eclipse.ecf.filetransfer.httpclient4.feature' version='3.10.1.v20150810-1719'>
      <properties size='1'>
        <property name='download.size' value='27260'/>
      </properties>
      <repositoryProperties size='1'>
        <property name='artifact.folder' value='true'/>
      </repositoryProperties>
    </artifact>
    <artifact classifier='osgi.bundle' id='org.eclipse.ecf.provider.filetransfer.ssl' version='1.0.0.v20150810-1719'>
      <properties size='1'>
        <property name='download.size' value='9955'/>
      </properties>
    </artifact>
    <artifact classifier='osgi.bundle' id='org.sat4j.pb' version='2.3.5.v201404071733'>
      <properties size='1'>
        <property name='download.size' value='241956'/>
      </properties>
    </artifact>
    <artifact classifier='osgi.bundle' id='org.eclipse.e4.ui.workbench' version='1.3.0.v20150531-1948'>
      <properties size='1'>
        <property name='download.size' value='287470'/>
      </properties>
    </artifact>
    <artifact classifier='osgi.bundle' id='org.eclipse.equinox.p2.repository' version='2.3.100.v20150428-1613'>
      <properties size='1'>
        <property name='download.size' value='131666'/>
      </properties>
    </artifact>
    <artifact classifier='osgi.bundle' id='org.eclipse.equinox.common' version='3.7.0.v20150402-1709'>
      <properties size='1'>
        <property name='download.size' value='111675'/>
      </properties>
    </artifact>
    <artifact classifier='osgi.bundle' id='org.eclipse.oomph.util' version='1.3.0.v20151123-1323'>
      <properties size='1'>
        <property name='download.size' value='187929'/>
      </properties>
    </artifact>
    <artifact classifier='osgi.bundle' id='org.eclipse.osgi.compatibility.state' version='1.0.100.v20150402-1551'>
      <properties size='1'>
        <property name='download.size' value='241527'/>
      </properties>
    </artifact>
    <artifact classifier='osgi.bundle' id='org.apache.felix.gogo.command' version='0.10.0.v201209301215'>
      <properties size='1'>
        <property name='download.size' value='57040'/>
      </properties>
    </artifact>
    <artifact classifier='osgi.bundle' id='org.eclipse.equinox.p2.touchpoint.eclipse' version='2.1.300.v20150423-1455'>
      <properties size='1'>
        <property name='download.size' value='127923'/>
      </properties>
    </artifact>
    <artifact classifier='osgi.bundle' id='org.eclipse.oomph.setup' version='1.3.0.v20151123-1323'>
      <properties size='1'>
        <property name='download.size' value='289822'/>
      </properties>
    </artifact>
    <artifact classifier='osgi.bundle' id='org.eclipse.equinox.frameworkadmin.equinox' version='1.0.600.v20150522-2234'>
      <properties size='1'>
        <property name='download.size' value='63562'/>
      </properties>
    </artifact>
    <artifact classifier='osgi.bundle' id='javax.inject' version='1.0.0.v20091030'>
      <properties size='1'>
        <property name='download.size' value='16996'/>
      </properties>
    </artifact>
    <artifact classifier='osgi.bundle' id='org.eclipse.core.expressions' version='3.5.0.v20150421-2214'>
      <properties size='1'>
        <property name='download.size' value='90250'/>
      </properties>
    </artifact>
    <artifact classifier='osgi.bundle' id='com.jcraft.jsch' version='0.1.53.v201508180515'>
      <properties size='1'>
        <property name='download.size' value='301911'/>
      </properties>
    </artifact>
    <artifact classifier='osgi.bundle' id='org.eclipse.equinox.p2.updatesite' version='1.0.500.v20150423-1455'>
      <properties size='1'>
        <property name='download.size' value='95080'/>
      </properties>
    </artifact>
    <artifact classifier='org.eclipse.update.feature' id='org.eclipse.ecf.filetransfer.feature' version='3.10.1.v20150810-1719'>
      <properties size='1'>
        <property name='download.size' value='27275'/>
      </properties>
      <repositoryProperties size='1'>
        <property name='artifact.folder' value='true'/>
      </repositoryProperties>
    </artifact>
    <artifact classifier='osgi.bundle' id='org.eclipse.swt' version='3.104.1.v20150825-0743'>
      <properties size='1'>
        <property name='download.size' value='19593'/>
      </properties>
    </artifact>
    <artifact classifier='osgi.bundle' id='org.eclipse.equinox.p2.repository.tools' version='2.1.100.v20150423-1455'>
      <properties size='1'>
        <property name='download.size' value='237689'/>
      </properties>
    </artifact>
    <artifact classifier='osgi.bundle' id='org.eclipse.e4.ui.css.swt.theme' version='0.10.0.v20150422-0725'>
      <properties size='1'>
        <property name='download.size' value='26436'/>
      </properties>
    </artifact>
    <artifact classifier='org.eclipse.update.feature' id='org.eclipse.e4.rcp' version='1.4.0.v20150903-1804'>
      <properties size='1'>
        <property name='download.size' value='20151'/>
      </properties>
      <repositoryProperties size='1'>
        <property name='artifact.folder' value='true'/>
      </repositoryProperties>
    </artifact>
    <artifact classifier='osgi.bundle' id='org.eclipse.ecf.filetransfer' version='5.0.0.v20150810-1719'>
      <properties size='1'>
        <property name='download.size' value='51602'/>
      </properties>
    </artifact>
    <artifact classifier='osgi.bundle' id='org.eclipse.equinox.p2.transport.ecf' version='1.1.100.v20150521-1342'>
      <properties size='1'>
        <property name='download.size' value='42539'/>
      </properties>
    </artifact>
    <artifact classifier='osgi.bundle' id='org.eclipse.core.contenttype' version='3.5.0.v20150421-2214'>
      <properties size='1'>
        <property name='download.size' value='99189'/>
      </properties>
    </artifact>
    <artifact classifier='osgi.bundle' id='org.eclipse.e4.core.contexts' version='1.4.0.v20150828-0818'>
      <properties size='1'>
        <property name='download.size' value='50351'/>
      </properties>
    </artifact>
    <artifact classifier='osgi.bundle' id='org.apache.batik.css' version='1.7.0.v201011041433'>
      <properties size='1'>
        <property name='download.size' value='356012'/>
      </properties>
    </artifact>
    <artifact classifier='org.eclipse.update.feature' id='org.eclipse.ecf.core.feature' version='1.1.0.v20150810-1719'>
      <properties size='1'>
        <property name='download.size' value='19033'/>
      </properties>
      <repositoryProperties size='1'>
        <property name='artifact.folder' value='true'/>
      </repositoryProperties>
    </artifact>
    <artifact classifier='osgi.bundle' id='org.eclipse.jface.text' version='3.10.0.v20150603-1752'>
      <properties size='1'>
        <property name='download.size' value='1016704'/>
      </properties>
    </artifact>
    <artifact classifier='osgi.bundle' id='org.eclipse.core.databinding.beans' version='1.3.0.v20150422-0725'>
      <properties size='1'>
        <property name='download.size' value='79096'/>
      </properties>
    </artifact>
    <artifact classifier='osgi.bundle' id='org.eclipse.equinox.console' version='1.1.100.v20141023-1406'>
      <properties size='1'>
        <property name='download.size' value='118822'/>
      </properties>
    </artifact>
    <artifact classifier='osgi.bundle' id='org.eclipse.core.databinding.observable' version='1.5.0.v20150422-0725'>
      <properties size='1'>
        <property name='download.size' value='311734'/>
      </properties>
    </artifact>
    <artifact classifier='osgi.bundle' id='org.eclipse.e4.ui.model.workbench' version='1.1.100.v20150407-1430'>
      <properties size='1'>
        <property name='download.size' value='376758'/>
      </properties>
    </artifact>
    <artifact classifier='osgi.bundle' id='org.eclipse.equinox.p2.console' version='1.0.400.v20150423-1455'>
      <properties size='1'>
        <property name='download.size' value='27371'/>
      </properties>
    </artifact>
    <artifact classifier='osgi.bundle' id='org.eclipse.equinox.launcher.gtk.linux.x86_64' version='1.1.300.v20150602-1417'>
      <properties size='1'>
        <property name='download.size' value='82125'/>
      </properties>
      <repositoryProperties size='1'>
        <property name='artifact.folder' value='true'/>
      </repositoryProperties>
    </artifact>
    <artifact classifier='org.eclipse.update.feature' id='org.eclipse.emf.common' version='2.11.0.v20150512-0501'>
      <properties size='1'>
        <property name='download.size' value='17156'/>
      </properties>
      <repositoryProperties size='1'>
        <property name='artifact.folder' value='true'/>
      </repositoryProperties>
    </artifact>
    <artifact classifier='osgi.bundle' id='org.eclipse.osgi.services' version='3.5.0.v20150519-2006'>
      <properties size='1'>
        <property name='download.size' value='110093'/>
      </properties>
    </artifact>
    <artifact classifier='osgi.bundle' id='org.eclipse.emf.ecore' version='2.11.0.v20150512-0501'>
      <properties size='1'>
        <property name='download.size' value='1189072'/>
      </properties>
    </artifact>
    <artifact classifier='osgi.bundle' id='org.eclipse.osgi' version='3.10.101.v20150820-1432'>
      <properties size='1'>
        <property name='download.size' value='1306323'/>
      </properties>
    </artifact>
    <artifact classifier='osgi.bundle' id='org.eclipse.equinox.p2.core' version='2.4.0.v20150527-1706'>
      <properties size='1'>
        <property name='download.size' value='72151'/>
      </properties>
    </artifact>
    <artifact classifier='osgi.bundle' id='org.eclipse.e4.ui.css.swt' version='0.12.0.v20150511-1003'>
      <properties size='1'>
        <property name='download.size' value='220646'/>
      </properties>
    </artifact>
    <artifact classifier='osgi.bundle' id='org.eclipse.e4.ui.widgets' version='1.1.0.v20150427-1751'>
      <properties size='1'>
        <property name='download.size' value='14311'/>
      </properties>
    </artifact>
    <artifact classifier='osgi.bundle' id='org.eclipse.equinox.frameworkadmin' version='2.0.200.v20150423-1455'>
      <properties size='1'>
        <property name='download.size' value='36365'/>
      </properties>
    </artifact>
    <artifact classifier='osgi.bundle' id='org.eclipse.equinox.p2.metadata.repository' version='1.2.200.v20150428-1613'>
      <properties size='1'>
        <property name='download.size' value='118253'/>
      </properties>
    </artifact>
    <artifact classifier='osgi.bundle' id='org.eclipse.jsch.ui' version='1.2.0.v20141202-1415'>
      <properties size='1'>
        <property name='download.size' value='99081'/>
      </properties>
    </artifact>
    <artifact classifier='osgi.bundle' id='org.apache.httpcomponents.httpclient' version='4.3.6.v201411290715'>
      <properties size='1'>
        <property name='download.size' value='849668'/>
      </properties>
    </artifact>
    <artifact classifier='org.eclipse.update.feature' id='org.eclipse.equinox.p2.core.feature' version='1.3.100.v20150527-1706'>
      <properties size='1'>
        <property name='download.size' value='17702'/>
      </properties>
      <repositoryProperties size='1'>
        <property name='artifact.folder' value='true'/>
      </repositoryProperties>
    </artifact>
    <artifact classifier='osgi.bundle' id='org.eclipse.ecf.provider.filetransfer' version='3.2.200.v20150810-1719'>
      <properties size='1'>
        <property name='download.size' value='127790'/>
      </properties>
    </artifact>
    <artifact classifier='osgi.bundle' id='org.eclipse.help' version='3.6.0.v20130326-1254'>
      <properties size='1'>
        <property name='download.size' value='258927'/>
      </properties>
    </artifact>
    <artifact classifier='osgi.bundle' id='org.eclipse.oomph.setup.p2.edit' version='1.3.0.v20151028-0658'>
      <properties size='1'>
        <property name='download.size' value='17012'/>
      </properties>
    </artifact>
    <artifact classifier='osgi.bundle' id='org.w3c.dom.svg' version='1.1.0.v201011041433'>
      <properties size='1'>
        <property name='download.size' value='97382'/>
      </properties>
    </artifact>
    <artifact classifier='osgi.bundle' id='org.tukaani.xz' version='1.3.0.v201308270617'>
      <properties size='1'>
        <property name='download.size' value='109753'/>
      </properties>
    </artifact>
    <artifact classifier='osgi.bundle' id='org.eclipse.swt.gtk.linux.x86_64' version='3.104.1.v20150825-0743'>
      <properties size='1'>
        <property name='download.size' value='2631208'/>
      </properties>
    </artifact>
    <artifact classifier='osgi.bundle' id='org.apache.felix.gogo.shell' version='0.10.0.v201212101605'>
      <properties size='1'>
        <property name='download.size' value='60225'/>
      </properties>
    </artifact>
    <artifact classifier='osgi.bundle' id='org.eclipse.core.net.linux.x86_64' version='1.1.100.v20140124-2013'>
      <properties size='1'>
        <property name='download.size' value='38805'/>
      </properties>
    </artifact>
    <artifact classifier='org.eclipse.update.feature' id='org.eclipse.emf.common.ui' version='2.10.0.v20150601-0402'>
      <properties size='1'>
        <property name='download.size' value='17125'/>
      </properties>
      <repositoryProperties size='1'>
        <property name='artifact.folder' value='true'/>
      </repositoryProperties>
    </artifact>
    <artifact classifier='osgi.bundle' id='org.eclipse.emf.ecore.xmi' version='2.11.0.v20150512-0501'>
      <properties size='1'>
        <property name='download.size' value='228933'/>
      </properties>
    </artifact>
    <artifact classifier='osgi.bundle' id='org.eclipse.equinox.p2.touchpoint.natives' version='1.2.0.v20150519-1136'>
      <properties size='1'>
        <property name='download.size' value='74196'/>
      </properties>
    </artifact>
    <artifact classifier='osgi.bundle' id='org.eclipse.e4.core.services' version='2.0.0.v20150403-1912'>
      <properties size='1'>
        <property name='download.size' value='53863'/>
      </properties>
    </artifact>
    <artifact classifier='osgi.bundle' id='javax.annotation' version='1.2.0.v201401042248'>
      <properties size='1'>
        <property name='download.size' value='27550'/>
      </properties>
    </artifact>
    <artifact classifier='osgi.bundle' id='org.eclipse.e4.ui.di' version='1.1.0.v20150422-0725'>
      <properties size='1'>
        <property name='download.size' value='15670'/>
      </properties>
    </artifact>
    <artifact classifier='osgi.bundle' id='org.eclipse.oomph.p2.edit' version='1.3.0.v20151028-0658'>
      <properties size='1'>
        <property name='download.size' value='37940'/>
      </properties>
    </artifact>
    <artifact classifier='osgi.bundle' id='org.eclipse.equinox.p2.artifact.repository' version='1.1.400.v20150513-2116'>
      <properties size='1'>
        <property name='download.size' value='140039'/>
      </properties>
    </artifact>
    <artifact classifier='osgi.bundle' id='org.eclipse.oomph.setup.sync' version='1.3.0.v20151117-0743'>
      <properties size='1'>
        <property name='download.size' value='96980'/>
      </properties>
    </artifact>
    <artifact classifier='osgi.bundle' id='org.eclipse.oomph.setup.doc' version='1.3.0.v20151028-0658'>
      <properties size='1'>
        <property name='download.size' value='2531771'/>
      </properties>
    </artifact>
    <artifact classifier='osgi.bundle' id='org.w3c.dom.events' version='3.0.0.draft20060413_v201105210656'>
      <properties size='1'>
        <property name='download.size' value='18205'/>
      </properties>
    </artifact>
    <artifact classifier='org.eclipse.update.feature' id='org.eclipse.oomph.p2' version='1.3.0.v20151123-0646'>
      <properties size='1'>
        <property name='download.size' value='22970'/>
      </properties>
      <repositoryProperties size='1'>
        <property name='artifact.folder' value='true'/>
      </repositoryProperties>
    </artifact>
    <artifact classifier='osgi.bundle' id='org.eclipse.oomph.p2.core' version='1.3.0.v20151123-0646'>
      <properties size='1'>
        <property name='download.size' value='161723'/>
      </properties>
    </artifact>
    <artifact classifier='osgi.bundle' id='org.eclipse.emf.common' version='2.11.0.v20150512-0501'>
      <properties size='1'>
        <property name='download.size' value='353313'/>
      </properties>
    </artifact>
    <artifact classifier='org.eclipse.update.feature' id='org.eclipse.ecf.filetransfer.ssl.feature' version='1.0.0.v20150810-1719'>
      <properties size='1'>
        <property name='download.size' value='23135'/>
      </properties>
      <repositoryProperties size='1'>
        <property name='artifact.folder' value='true'/>
      </repositoryProperties>
    </artifact>
    <artifact classifier='osgi.bundle' id='org.eclipse.equinox.ds' version='1.4.300.v20150423-1356'>
      <properties size='1'>
        <property name='download.size' value='195728'/>
      </properties>
    </artifact>
    <artifact classifier='osgi.bundle' id='org.eclipse.ecf' version='3.5.0.v20150810-1719'>
      <properties size='1'>
        <property name='download.size' value='101416'/>
      </properties>
    </artifact>
    <artifact classifier='osgi.bundle' id='org.eclipse.jsch.core' version='1.2.0.v20141202-1415'>
      <properties size='1'>
        <property name='download.size' value='40439'/>
      </properties>
    </artifact>
    <artifact classifier='osgi.bundle' id='org.eclipse.ui' version='3.107.0.v20150507-1945'>
      <properties size='1'>
        <property name='download.size' value='276456'/>
      </properties>
    </artifact>
    <artifact classifier='osgi.bundle' id='org.eclipse.e4.core.commands' version='0.11.0.v20150422-0725'>
      <properties size='1'>
        <property name='download.size' value='25679'/>
      </properties>
    </artifact>
    <artifact classifier='osgi.bundle' id='org.eclipse.e4.ui.css.core' version='0.11.0.v20150511-1937'>
      <properties size='1'>
        <property name='download.size' value='212740'/>
      </properties>
    </artifact>
    <artifact classifier='osgi.bundle' id='org.eclipse.oomph.p2' version='1.3.0.v20151028-0658'>
      <properties size='1'>
        <property name='download.size' value='53043'/>
      </properties>
    </artifact>
    <artifact classifier='osgi.bundle' id='org.eclipse.equinox.p2.jarprocessor' version='1.0.400.v20150430-1836'>
      <properties size='1'>
        <property name='download.size' value='68216'/>
      </properties>
    </artifact>
    <artifact classifier='osgi.bundle' id='org.eclipse.oomph.setup.core' version='1.3.0.v20151124-1113'>
      <properties size='1'>
        <property name='download.size' value='180138'/>
      </properties>
    </artifact>
    <artifact classifier='osgi.bundle' id='org.eclipse.emf.edit.ui' version='2.11.0.v20150601-0402'>
      <properties size='1'>
        <property name='download.size' value='236426'/>
      </properties>
    </artifact>
    <artifact classifier='org.eclipse.update.feature' id='org.eclipse.oomph.setup.installer' version='1.3.0.v20151124-1113'>
      <properties size='1'>
        <property name='download.size' value='139362'/>
      </properties>
      <repositoryProperties size='1'>
        <property name='artifact.folder' value='true'/>
      </repositoryProperties>
    </artifact>
    <artifact classifier='osgi.bundle' id='org.eclipse.e4.ui.workbench.addons.swt' version='1.2.0.v20150512-1414'>
      <properties size='1'>
        <property name='download.size' value='146328'/>
      </properties>
    </artifact>
    <artifact classifier='osgi.bundle' id='org.eclipse.oomph.setup.ui' version='1.3.0.v20151119-0756'>
      <properties size='1'>
        <property name='download.size' value='550623'/>
      </properties>
    </artifact>
    <artifact classifier='osgi.bundle' id='org.eclipse.emf.common.ui' version='2.10.0.v20150601-0402'>
      <properties size='1'>
        <property name='download.size' value='155009'/>
      </properties>
    </artifact>
    <artifact classifier='osgi.bundle' id='org.eclipse.equinox.p2.garbagecollector' version='1.0.200.v20131115-1210'>
      <properties size='1'>
        <property name='download.size' value='25061'/>
      </properties>
    </artifact>
    <artifact classifier='osgi.bundle' id='org.eclipse.equinox.preferences' version='3.5.300.v20150408-1437'>
      <properties size='1'>
        <property name='download.size' value='128643'/>
      </properties>
    </artifact>
    <artifact classifier='osgi.bundle' id='org.eclipse.jface' version='3.11.0.v20150602-1400'>
      <properties size='1'>
        <property name='download.size' value='1188972'/>
      </properties>
    </artifact>
    <artifact classifier='osgi.bundle' id='org.eclipse.equinox.p2.publisher.eclipse' version='1.2.0.v20150601-1708'>
      <properties size='1'>
        <property name='download.size' value='227749'/>
      </properties>
    </artifact>
    <artifact classifier='osgi.bundle' id='org.apache.batik.util' version='1.7.0.v201011041433'>
      <properties size='1'>
        <property name='download.size' value='158140'/>
      </properties>
    </artifact>
    <artifact classifier='osgi.bundle' id='org.eclipse.e4.core.di' version='1.5.0.v20150421-2214'>
      <properties size='1'>
        <property name='download.size' value='51686'/>
      </properties>
    </artifact>
    <artifact classifier='osgi.bundle' id='org.eclipse.equinox.p2.director' version='2.3.200.v20150423-1455'>
      <properties size='1'>
        <property name='download.size' value='103538'/>
      </properties>
    </artifact>
    <artifact classifier='osgi.bundle' id='javax.xml' version='1.3.4.v201005080400'>
      <properties size='1'>
        <property name='download.size' value='252201'/>
      </properties>
    </artifact>
    <artifact classifier='osgi.bundle' id='org.eclipse.equinox.app' version='1.3.300.v20150423-1356'>
      <properties size='1'>
        <property name='download.size' value='86680'/>
      </properties>
    </artifact>
    <artifact classifier='osgi.bundle' id='org.eclipse.e4.core.di.annotations' version='1.4.0.v20150528-1451'>
      <properties size='1'>
        <property name='download.size' value='10680'/>
      </properties>
    </artifact>
    <artifact classifier='osgi.bundle' id='org.eclipse.update.configurator' version='3.3.300.v20140518-1928'>
      <properties size='1'>
        <property name='download.size' value='101014'/>
      </properties>
    </artifact>
    <artifact classifier='osgi.bundle' id='org.eclipse.equinox.p2.engine' version='2.4.0.v20150511-1532'>
      <properties size='1'>
        <property name='download.size' value='206643'/>
      </properties>
    </artifact>
    <artifact classifier='osgi.bundle' id='org.eclipse.equinox.p2.ui' version='2.4.0.v20150425-0422'>
      <properties size='1'>
        <property name='download.size' value='581193'/>
      </properties>
    </artifact>
    <artifact classifier='osgi.bundle' id='org.eclipse.emf.ecore.change' version='2.11.0.v20150512-0501'>
      <properties size='1'>
        <property name='download.size' value='86040'/>
      </properties>
    </artifact>
    <artifact classifier='osgi.bundle' id='org.eclipse.equinox.launcher' version='1.3.100.v20150511-1540'>
      <properties size='1'>
        <property name='download.size' value='50527'/>
      </properties>
    </artifact>
    <artifact classifier='osgi.bundle' id='org.eclipse.equinox.security.ui' version='1.1.201.v20150803-1228'>
      <properties size='1'>
        <property name='download.size' value='186027'/>
      </properties>
    </artifact>
    <artifact classifier='osgi.bundle' id='org.eclipse.equinox.util' version='1.0.500.v20130404-1337'>
      <properties size='1'>
        <property name='download.size' value='77932'/>
      </properties>
    </artifact>
    <artifact classifier='osgi.bundle' id='org.eclipse.e4.ui.workbench.renderers.swt' version='0.13.0.v20150901-1347'>
      <properties size='1'>
        <property name='download.size' value='351320'/>
      </properties>
    </artifact>
    <artifact classifier='osgi.bundle' id='org.eclipse.oomph.p2.doc' version='1.3.0.v20151028-0658'>
      <properties size='1'>
        <property name='download.size' value='301652'/>
      </properties>
    </artifact>
    <artifact classifier='osgi.bundle' id='org.eclipse.e4.emf.xpath' version='0.1.100.v20150513-0856'>
      <properties size='1'>
        <property name='download.size' value='49032'/>
      </properties>
    </artifact>
    <artifact classifier='org.eclipse.update.feature' id='org.eclipse.emf.edit.ui' version='2.11.0.v20150601-0402'>
      <properties size='1'>
        <property name='download.size' value='17158'/>
      </properties>
      <repositoryProperties size='1'>
        <property name='artifact.folder' value='true'/>
      </repositoryProperties>
    </artifact>
    <artifact classifier='osgi.bundle' id='org.eclipse.oomph.preferences' version='1.3.0.v20151122-0821'>
      <properties size='1'>
        <property name='download.size' value='73398'/>
      </properties>
    </artifact>
    <artifact classifier='osgi.bundle' id='org.eclipse.emf.edit' version='2.11.0.v20150601-0402'>
      <properties size='1'>
        <property name='download.size' value='277904'/>
      </properties>
    </artifact>
    <artifact classifier='osgi.bundle' id='org.eclipse.oomph.ui' version='1.3.0.v20151119-0756'>
      <properties size='1'>
        <property name='download.size' value='283530'/>
      </properties>
    </artifact>
    <artifact classifier='osgi.bundle' id='org.eclipse.core.jobs' version='3.7.0.v20150330-2103'>
      <properties size='1'>
        <property name='download.size' value='107123'/>
      </properties>
    </artifact>
    <artifact classifier='osgi.bundle' id='org.eclipse.ui.intro' version='3.4.300.v20141007-1449'>
      <properties size='1'>
        <property name='download.size' value='309325'/>
      </properties>
    </artifact>
    <artifact classifier='osgi.bundle' id='org.eclipse.e4.ui.dialogs' version='1.0.0.v20150513-0856'>
      <properties size='1'>
        <property name='download.size' value='46190'/>
      </properties>
    </artifact>
    <artifact classifier='osgi.bundle' id='org.w3c.dom.smil' version='1.0.1.v200903091627'>
      <properties size='1'>
        <property name='download.size' value='20106'/>
      </properties>
    </artifact>
    <artifact classifier='org.eclipse.update.feature' id='org.eclipse.emf.ecore' version='2.11.0.v20150512-0501'>
      <properties size='1'>
        <property name='download.size' value='17194'/>
      </properties>
      <repositoryProperties size='1'>
        <property name='artifact.folder' value='true'/>
      </repositoryProperties>
    </artifact>
    <artifact classifier='osgi.bundle' id='org.eclipse.equinox.simpleconfigurator.manipulator' version='2.0.100.v20150423-1455'>
      <properties size='1'>
        <property name='download.size' value='25362'/>
      </properties>
    </artifact>
    <artifact classifier='osgi.bundle' id='org.eclipse.equinox.registry' version='3.6.0.v20150318-1503'>
      <properties size='1'>
        <property name='download.size' value='182901'/>
      </properties>
    </artifact>
    <artifact classifier='osgi.bundle' id='org.eclipse.e4.ui.swt.gtk' version='1.0.1.v20150708-1529'>
      <properties size='1'>
        <property name='download.size' value='11883'/>
      </properties>
    </artifact>
    <artifact classifier='osgi.bundle' id='org.apache.commons.codec' version='1.6.0.v201305230611'>
      <properties size='1'>
        <property name='download.size' value='257406'/>
      </properties>
    </artifact>
    <artifact classifier='osgi.bundle' id='org.apache.commons.logging' version='1.1.1.v201101211721'>
      <properties size='1'>
        <property name='download.size' value='73632'/>
      </properties>
    </artifact>
    <artifact classifier='osgi.bundle' id='org.eclipse.e4.core.di.extensions' version='0.13.0.v20150421-2214'>
      <properties size='1'>
        <property name='download.size' value='28475'/>
      </properties>
    </artifact>
    <artifact classifier='osgi.bundle' id='org.eclipse.core.net' version='1.2.300.v20141118-1725'>
      <properties size='1'>
        <property name='download.size' value='71284'/>
      </properties>
    </artifact>
    <artifact classifier='osgi.bundle' id='org.eclipse.oomph.setup.edit' version='1.3.0.v20151123-1323'>
      <properties size='1'>
        <property name='download.size' value='129806'/>
      </properties>
    </artifact>
    <artifact classifier='osgi.bundle' id='org.eclipse.oomph.util.doc' version='1.3.0.v20151028-0658'>
      <properties size='1'>
        <property name='download.size' value='1038846'/>
      </properties>
    </artifact>
    <artifact classifier='osgi.bundle' id='com.ibm.icu' version='54.1.1.v201501272100'>
      <properties size='1'>
        <property name='download.size' value='11411288'/>
      </properties>
    </artifact>
    <artifact classifier='osgi.bundle' id='org.eclipse.equinox.concurrent' version='1.1.0.v20130327-1442'>
      <properties size='1'>
        <property name='download.size' value='25493'/>
      </properties>
    </artifact>
    <artifact classifier='osgi.bundle' id='org.eclipse.oomph.setup.p2' version='1.3.0.v20151028-0658'>
      <properties size='1'>
        <property name='download.size' value='32596'/>
      </properties>
    </artifact>
    <artifact classifier='osgi.bundle' id='org.eclipse.rcp' version='4.5.1.v20150904-0015'>
      <properties size='1'>
        <property name='download.size' value='11351'/>
      </properties>
    </artifact>
    <artifact classifier='osgi.bundle' id='org.eclipse.e4.ui.workbench.swt' version='0.13.0.v20150504-0621'>
      <properties size='1'>
        <property name='download.size' value='181935'/>
      </properties>
    </artifact>
    <artifact classifier='osgi.bundle' id='org.eclipse.equinox.p2.director.app' version='1.0.400.v20150423-1455'>
      <properties size='1'>
        <property name='download.size' value='51443'/>
      </properties>
    </artifact>
    <artifact classifier='osgi.bundle' id='org.eclipse.core.commands' version='3.7.0.v20150422-0725'>
      <properties size='1'>
        <property name='download.size' value='113716'/>
      </properties>
    </artifact>
    <artifact classifier='osgi.bundle' id='org.eclipse.text' version='3.5.400.v20150505-1044'>
      <properties size='1'>
        <property name='download.size' value='253256'/>
      </properties>
    </artifact>
    <artifact classifier='osgi.bundle' id='org.eclipse.core.filesystem' version='1.5.0.v20150725-1910'>
      <properties size='1'>
        <property name='download.size' value='61505'/>
      </properties>
    </artifact>
    <artifact classifier='osgi.bundle' id='org.eclipse.core.filebuffers' version='3.5.500.v20140723-1040'>
      <properties size='1'>
        <property name='download.size' value='114861'/>
      </properties>
    </artifact>
    <artifact classifier='osgi.bundle' id='org.eclipse.oomph.base' version='1.3.0.v20151118-1556'>
      <properties size='1'>
        <property name='download.size' value='62216'/>
      </properties>
    </artifact>
    <artifact classifier='osgi.bundle' id='org.eclipse.ecf.ssl' version='1.2.0.v20150810-1719'>
      <properties size='1'>
        <property name='download.size' value='14781'/>
      </properties>
    </artifact>
    <artifact classifier='osgi.bundle' id='org.eclipse.oomph.base.edit' version='1.3.0.v20151028-0658'>
      <properties size='1'>
        <property name='download.size' value='47492'/>
      </properties>
    </artifact>
    <artifact classifier='org.eclipse.update.feature' id='org.eclipse.ecf.core.ssl.feature' version='1.0.0.v20150810-1719'>
      <properties size='1'>
        <property name='download.size' value='19009'/>
      </properties>
      <repositoryProperties size='1'>
        <property name='artifact.folder' value='true'/>
      </repositoryProperties>
    </artifact>
    <artifact classifier='org.eclipse.update.feature' id='org.eclipse.ecf.filetransfer.httpclient4.ssl.feature' version='1.0.0.v20150810-1719'>
      <properties size='1'>
        <property name='download.size' value='27181'/>
      </properties>
      <repositoryProperties size='1'>
        <property name='artifact.folder' value='true'/>
      </repositoryProperties>
    </artifact>
    <artifact classifier='osgi.bundle' id='org.eclipse.oomph.p2.ui' version='1.3.0.v20151123-0548'>
      <properties size='1'>
        <property name='download.size' value='207657'/>
      </properties>
    </artifact>
    <artifact classifier='osgi.bundle' id='org.eclipse.oomph.setup.installer' version='1.3.0.v20151123-0548'>
      <properties size='1'>
        <property name='download.size' value='649165'/>
      </properties>
    </artifact>
    <artifact classifier='osgi.bundle' id='org.eclipse.equinox.security' version='1.2.100.v20150423-1356'>
      <properties size='1'>
        <property name='download.size' value='108521'/>
      </properties>
    </artifact>
    <artifact classifier='osgi.bundle' id='org.eclipse.e4.ui.bindings' version='0.11.0.v20150422-0725'>
      <properties size='1'>
        <property name='download.size' value='49705'/>
      </properties>
    </artifact>
    <artifact classifier='osgi.bundle' id='org.eclipse.equinox.bidi' version='0.10.0.v20130327-1442'>
      <properties size='1'>
        <property name='download.size' value='48549'/>
      </properties>
    </artifact>
    <artifact classifier='osgi.bundle' id='org.eclipse.oomph.extractor.lib' version='1.1.0.v20151028-0658'>
      <properties size='1'>
        <property name='download.size' value='16416'/>
      </properties>
    </artifact>
    <artifact classifier='osgi.bundle' id='org.eclipse.oomph.jreinfo.ui' version='1.3.0.v20151123-0548'>
      <properties size='1'>
        <property name='download.size' value='44192'/>
      </properties>
    </artifact>
    <artifact classifier='osgi.bundle' id='org.eclipse.equinox.event' version='1.3.100.v20140115-1647'>
      <properties size='1'>
        <property name='download.size' value='32352'/>
      </properties>
    </artifact>
    <artifact classifier='osgi.bundle' id='org.eclipse.oomph.setup.ui.questionnaire' version='1.3.0.v20151107-0711'>
      <properties size='1'>
        <property name='download.size' value='329558'/>
      </properties>
    </artifact>
    <artifact classifier='osgi.bundle' id='org.eclipse.equinox.simpleconfigurator' version='1.1.100.v20150423-1455'>
      <properties size='1'>
        <property name='download.size' value='43279'/>
      </properties>
    </artifact>
    <artifact classifier='osgi.bundle' id='org.eclipse.equinox.p2.publisher' version='1.4.0.v20141117-0929'>
      <properties size='1'>
        <property name='download.size' value='95337'/>
      </properties>
    </artifact>
    <artifact classifier='osgi.bundle' id='org.eclipse.oomph.jreinfo' version='1.3.0.v20151123-0548'>
      <properties size='1'>
        <property name='download.size' value='25846'/>
      </properties>
    </artifact>
    <artifact classifier='osgi.bundle' id='org.w3c.css.sac' version='1.3.1.v200903091627'>
      <properties size='1'>
        <property name='download.size' value='38584'/>
      </properties>
    </artifact>
  </artifacts>
</repository>
