<?xml version="1.0" encoding="UTF-8"?>
<config transient="false" date="1447249758899">
	<site enabled="true" updateable="true" policy="USER-EXCLUDE" url="platform:/base/">
		<feature id="org.eclipse.ecf.filetransfer.httpclient4.ssl.feature" url="features/org.eclipse.ecf.filetransfer.httpclient4.ssl.feature_1.0.0.v20150810-1719/" version="1.0.0.v20150810-1719">
		</feature>
		<feature id="org.eclipse.ecf.filetransfer.httpclient4.feature" url="features/org.eclipse.ecf.filetransfer.httpclient4.feature_3.10.1.v20150810-1719/" version="3.10.1.v20150810-1719">
		</feature>
		<feature id="org.eclipse.rcp" url="features/org.eclipse.rcp_4.5.1.v20150904-0015/" version="4.5.1.v20150904-0015">
		</feature>
		<feature id="org.eclipse.ecf.core.ssl.feature" url="features/org.eclipse.ecf.core.ssl.feature_1.0.0.v20150810-1719/" version="1.0.0.v20150810-1719">
		</feature>
		<feature id="org.eclipse.e4.rcp" url="features/org.eclipse.e4.rcp_1.4.0.v20150903-1804/" version="1.4.0.v20150903-1804">
		</feature>
		<feature id="org.eclipse.equinox.p2.core.feature" url="features/org.eclipse.equinox.p2.core.feature_1.3.100.v20150527-1706/" version="1.3.100.v20150527-1706">
		</feature>
		<feature id="org.eclipse.emf.ecore" url="features/org.eclipse.emf.ecore_2.11.0.v20150512-0501/" version="2.11.0.v20150512-0501">
		</feature>
		<feature id="org.eclipse.emf.common" url="features/org.eclipse.emf.common_2.11.0.v20150512-0501/" version="2.11.0.v20150512-0501">
		</feature>
		<feature id="org.eclipse.ecf.filetransfer.feature" url="features/org.eclipse.ecf.filetransfer.feature_3.10.1.v20150810-1719/" version="3.10.1.v20150810-1719">
		</feature>
		<feature id="org.eclipse.emf.edit.ui" url="features/org.eclipse.emf.edit.ui_2.11.0.v20150601-0402/" version="2.11.0.v20150601-0402">
		</feature>
		<feature id="org.eclipse.oomph.setup.installer" url="features/org.eclipse.oomph.setup.installer_1.3.0.v20151101-0750/" version="1.3.0.v20151101-0750">
		</feature>
		<feature id="org.eclipse.emf.edit" url="features/org.eclipse.emf.edit_2.11.0.v20150601-0402/" version="2.11.0.v20150601-0402">
		</feature>
		<feature id="org.eclipse.oomph.p2" url="features/org.eclipse.oomph.p2_1.3.0.v20151021-1140/" version="1.3.0.v20151021-1140">
		</feature>
		<feature id="org.eclipse.ecf.core.feature" url="features/org.eclipse.ecf.core.feature_1.1.0.v20150810-1719/" version="1.1.0.v20150810-1719">
		</feature>
		<feature id="org.eclipse.emf.common.ui" url="features/org.eclipse.emf.common.ui_2.10.0.v20150601-0402/" version="2.10.0.v20150601-0402">
		</feature>
		<feature id="org.eclipse.ecf.filetransfer.ssl.feature" url="features/org.eclipse.ecf.filetransfer.ssl.feature_1.0.0.v20150810-1719/" version="1.0.0.v20150810-1719">
		</feature>
	</site>
</config>
